,Headline,Link,Date
0,"Harvard, IBM to Swayam: Free cybersecurity courses",https://news.google.com/read/CBMizgFBVV95cUxObHZLNzJlRmVYYU5tR0RRVTlDTzR5SWFOVG1RV2JLUmNPUTVTT0ZlMVViS3FKQ1B2S25yejZ4cGpEYmd4T3JQc2s0RjR6LVc1MG5LZ1NuVUgxb0kwMkVIZDlVS2lyM05Rb1IzUkhiWFJnTHRIdWxrQ1BvR08xbzNhUnFZYlVEV0NjMGJtSWo4NWdINkJ0Y2lqMVlkLWVPN1JwVENpZjh4Rm9jMTBxeGZDTHdXd0pmV2NJZGdyVHdTRGhPOHdKXzdqYVVXblZHUdIB1AFBVV95cUxPMVdPUkJmT1dzSm4zRjZoS1ZLcWdlRmlMLUZlSDVYamhXVzRnZG13dk9zUXltdEJDY056RE1MMEltdzd3QklGckZVT1RUY0VqYjZocUtWU3l5eVFtandvSlczRGk0bm5yejF3aUJ1eGpTemlnaVphQ2lqVEVSRHltV3oteVlaUVY1bjhPMFNLUk1DVmp4RjZtM2ZTSkcxSFN1TTdtblI4WkZINndoRWNMdkpEZ3p5c1ZuLVRTbmQwM0VzWU9fMmxhVEIyY0dPR3ZzdmlfSQ?hl=en-IN&gl=IN&ceid=IN%3Aen,25-08-2025
1,Cybersecurity firm Netskope reveals 31% revenue surge in US IPO filing,https://news.google.com/read/CBMiswFBVV95cUxNYU96WnRIcllCRGhaajlsMnBWMkEyamJMaW9ETHFHajZwYWFxOF8yaVpia05pVWNaRE9OUmh6VTFkN1cxOFBRLU9FWUk3d0tyRm91RDMzRzZOcnlpb2ZmS252TzBYZFZNa1hQVVBaZk1UYUx3cFB1bnV0UmR1WFFtN2h1ZDVOSlVCR3NvYlZPUndPekdGVUZwM2htYm5YQzRFRUpCZlZpR1psUW5tSTIySlhwQQ?hl=en-IN&gl=IN&ceid=IN%3Aen,22-08-2025
2,Jammu and Kashmir bans pen drives in government offices to strengthen cybersecurity,https://news.google.com/read/CBMi8gFBVV95cUxPTENlU1FoeE9OQ1huVEUyNDNfMVdybnk2MWJITnFHMDRSQVowSUxfMG5iakpBUmJMU3QtdDU2MFpITmJMcVo3OUQxdS04cmQ3TC1JbF9fUG5TdVptWXVaS0pfR09fNVQzREp6MGVVMndycUtGUDY2dWI2ODl0X0F1OWRuaEJWbllDRTkwVmlGNHlpZUdjeFRyZEFYRXktbUthOWNHOW8yVGVOSHcxbW0yeV9pUjR5dWhDQkNyX3NuNGl3VHlLeUxRZFNmdWh3NzFXM1pUZ2gxN1dQVUN4TGEtN2EtaUNIcGJoYmpXUy13U1Z0QdIB-AFBVV95cUxPYUstc0hwNUNOVzE3RnBQUExEN0hwck9uNHdiMjBBcXlzZlNnMXFsbFVoeGpiYjUxclhfRkNjR041TEF5NlVhWDhnYVpkVkdBQ0FHT0x2cnhzZ3E1ZS1GMzZyaHFIV0ZwTkJnWE5hR2FsM2pWWnJYVk9Tb2YtOWlEak9GMkVJVGZ6eGY2S1ZDeFM4WnhvQUxqYVpJSDBWMGFTbHlwZlhCVk9YOF9GaGZfaGNzSG84NmNHb3N1cjgyOXFEbFJ5OERtb0x6cHFIYTVHVTZSd0Z6Qi02ZE40V3NpVTF6Wjhsa05wV2ZpUXFPUzQ1ZXJzLVZ3OA?hl=en-IN&gl=IN&ceid=IN%3Aen,25-08-2025
3,"J-K orders immediate ban on pen drives in govt offices to boost cyber security, protect sensitive information",https://news.google.com/read/CBMi8wFBVV95cUxQczUwRm5QX2UzSUNNX1dhS21UUjVveThXVVJqVXFpaHljSTF0NVg4eWttaUJ5c19HMWx6NXd5cnJ0b1d0X21RczRfOFd2QkZMak4xNm1FcGJYNEVmSkhCVEg0OTRFVWRRM2g0TmlNaFlkSzZzdnB4YmZpVDhCdmxLdzdqc0Y1alh2R1ZkRV9xQXB4Yk9xVU1HS2RNZmdvMmgxcTRCYWlUZVFPa2d1ZTRLMmFRc0RfTTZ2aTdmV0d2ZUlhRFVsQm0xVmFXVGVpWUtuejRVbk8tUTFfdUpRTUtTQnpGTTF6bmdFMWVOX2NkN2JZblE?hl=en-IN&gl=IN&ceid=IN%3Aen,25-08-2025
4,J&K Govt bans use of Pen drives in Offices to strengthen Cyber Security,https://news.google.com/read/CBMitwFBVV95cUxQYUhvNm9vd081RmdTMGpwSUxTV0tPem56THFPR2ZLMjVCT05vZVFzZ2x1VjJxXy14cFlIQ2dxWmpaRWxRLVFQR3B3bWt1RXFhWXByWjhnX1drLVRGWTJRUXZSeU5QeWRraVFCek9LdkFPZ3M4NGpTYmJXSVA2elVsLWVqQkpTcGUtZjNJUjhfaVBtR2txMzA3eVNtTDQ4dGhCY1AteDdVZTFtY3pvYjhfMFdNY1BIY1E?hl=en-IN&gl=IN&ceid=IN%3Aen,25-08-2025
5,LRQA Ignites Cybersecurity Conversations at CISO Singapore 2025,https://news.google.com/read/CBMipAFBVV95cUxPaGY4bGxSWV9UazNYWWY0OXhubUtWNVR2Mm1jMU1IWk5waldYWnpMX1lDOTk3SjNIV0tmTi1VOXVrbXdqai1vQzRyN1J4MDF5dFdfc2tncjJMWEVVZy1pdjV5OVVmQXZ3OE0yNGVlaE1JZ3BQRXcxVzNDS2NSNE1FQlBFSVNRMFdDMmFfakRYYVJSdTIySE1FYWlPQVBXQnM3bkpaU9IBqgFBVV95cUxNa0prNnRwSElJeThpNHFDOWZJTXNMX0trcHQ4bXdCRW53SHZ5dkFuSlc1M2s4YW5QVHl2SXZmS0JHUFZQeHNTLVB1YUNoRXVWWXd6bEtFQlBNejZFZXhUYkxoRFlteHBoUXduRlBIS2xxblhLRVd6bk1FSDJZMFFGRmUweFFXbjJHNXNCbGxXZXdPa3U1blhqYU5QMkFTVk9yel83M0tWemZMUQ?hl=en-IN&gl=IN&ceid=IN%3Aen,25-08-2025
6,"Rachel James, AbbVie: Harnessing AI for corporate cybersecurity",https://news.google.com/read/CBMisAFBVV95cUxQWG5nWUxKZG5Ra25VdWh0RlB0SG41UThuUlpwUG5VQXhoMEJjeXRtVnp5ZzAyMGluZkwzZVhBVUNDdlVnR1pjNDg2S09panhuU1VfRXhkcWRaejJ3TEE5X1lvU2pESkJoT05lbC1VeHFKUlh2NVJUcE01dkhJbWRpS3g4b3ZUR3hXay1oc1dOX3R6TmtkWUdpUC1UZzhxb2gwQVlNYWFYN1p4ZVM3MHRQTA?hl=en-IN&gl=IN&ceid=IN%3Aen,22-08-2025
7,Cybersecurity firm Netskope files to go public on the Nasdaq,https://news.google.com/read/CBMigAFBVV95cUxQc0FyZFR0ZGFnUy1OMlhZZTQtMEc5U3c4dmk0M0JUU3Z6X1RiTEZsTmg2OGVFSDFQaFVCbTZXTkZBcU5pb0pqQmNFekUzZ01tN3luX09PeWRNeWt6Y0xCc2xod3NEYklIUU5xd0NrLXoyZXU2YnBrel9fdmRCZDJMSdIBhgFBVV95cUxNVnI5bFU4OUhJQXBWZGFGWWxZNTBEUHo1VkhKcTBFUm5qZFlPazdPWXVXR2w3MkEwNXRKX2xSbjUxUU9yV1RkYmRtN241Wk1NNVMtcXo0Q3pqRTJVNVl4WkFUZ0t1WWdkd3plbkJHUDc0UE5NYUFGVktTOEFxTnUxQ2FLUFFUZw?hl=en-IN&gl=IN&ceid=IN%3Aen,22-08-2025
8,"Weekly Cybersecurity News Recap : Apple 0-day, Chrome, Copilot Vulnerabilities and Cyber Attacks",https://news.google.com/read/CBMibEFVX3lxTFBWSVFmTDRsb0NMZkxzYWJVeVFIV1BCTmF0ZG1PYnVpdDhsN3lVSEhmR3pLM0UtMTV3NVN4bnZlSXNpTEprWG5hWS1wemJRVHpRTmpQMS1KOU1jM29PVTlHTF9ra29tTGlYeTdsctIBckFVX3lxTE1selBnMzVuUWlWTVB3Q1BCaTEtckpiU0NreExmVWZCTW45NnJOMmFqd0xrN0pYaGFmRU83NXBJLVBkb29SZHI4NFRaOU1MaWlfeFRVejNTTjRJc0p0alp5dDNneTZqNzZYSnRxeXRFWWZCQQ?hl=en-IN&gl=IN&ceid=IN%3Aen,24-08-2025
9,UAE Warns of Public Wi-Fi Cyber Attacks in 2025,https://news.google.com/read/CBMiswFBVV95cUxNNS1lYlhsaGo4WkdYajM2OWFFSTVpcExyZWdheDNYS3Y4TENobldJWjlFZVYzR05CSXV2dkx4bU94NE5VNmlRd2tuOGxHYnFOTWpBX3pmLVI0bDFoX1VxVnVBSGpYZk03OHlOcDlCQ05DSEJqaGpIeWxBUHk3Z1ZkT0JobG1HUE9KSmhEVXRSSFlCOWJkeHktWG9fOVhnZXJtVU1GN3lQOG5qTXdjQ01jYmlKbw?hl=en-IN&gl=IN&ceid=IN%3Aen,25-08-2025
10,"From generative AI to cybersecurity, how IITs are democratising AI literacy for India’s youth",https://news.google.com/read/CBMi_AFBVV95cUxNNkRLeHlYcGxNT3l2SFZEVHk5RkVfOThVd3FRZFZaUm43YUJSaDI4amNOODdNb0JMQVNGZDdJQXJnYlFXTlZ3dW05Y1cyZ3lMdFhLdFR1VF9JS1Nhc2VzUzlxTjFrS21VRlNoNDNTdzNrZ3hKemxOM05XVHhfVWxxVjZaVE5jMGZHeFdiSVpaczhkVHNYbktYM01CWmFGZ01mRWpjZTRzVWI0VDNaal9ZVmQzRU93ZzhzMS1peGgwMFlZTXdOckwweDV5SFdnTFBqVG40SmZQUC1rODh4N2VTMmRhMHRzTmdBc2xJNEtwMTVMVXBUZVIxSXpXTEvSAYICQVVfeXFMT1FyX0FNazdmOVZURkctZG5aZHNrU1JwMzZ0bXg2ZkNEZ0ZVMVpyYzNMMERwWmVFUnMyMVoxdmF0MWtPRjl3OU1aRWNmRV8ya3dXLWVMMFExNk5WV1ZQemRtSDA1RVh5UWV1bmtSaV9QUnJEUklfQUFDSGhTVlFPMmExVERPOFNfUDNNOWxEUFNINEVSYVQ5UV9MY2UxNzZoVXZXRDNHTGtaTmVoQjFyUWVnUnZSWlJBTmw2MkY2elAzN00yTm50ems3Mm9qVlhsR1d0UE1rN1dWWlFSRVZVLVYtUTBobWFESDZaWC1zN1h5UFp1QWhZdVBhRDRPYVl5QWF3?hl=en-IN&gl=IN&ceid=IN%3Aen,22-08-2025
11,NIST Releases New Control Overlays to Manage Cybersecurity Risks in AI Systems,https://news.google.com/read/CBMiaEFVX3lxTFB2aHdtSDM4MkhvSW5SVC1FZDhGbVZJZ0pPU0R4Y29NSHo4X2xneGJMY1o3TW15VEhmMnEyX0dONXZ1MWs2QXB5dWpfWEJ4WUFzNlQwVVB6bmR0dXVURzR5cEJ0cm52THgy0gFuQVVfeXFMTU41eFFIUzVUUWh4MkRhYkFDaXpaa3BUcERjb19PUmg2M0tSOHFyd3M2R3kwdk85V1oyYk9XN3RmTy1QT19IcGFpWkt4TGg0MnNra1pNNE1yLWhISDZpYmx2QVp0d2FnUlNXNnB5MWc?hl=en-IN&gl=IN&ceid=IN%3Aen,22-08-2025
12,Automotive Cybersecurity Market | Global Market Analysis Report - 2035,https://news.google.com/read/CBMiggFBVV95cUxPX2RueTBZWFFoeFh2Nk1RdnpjVXNSbkJOZ2hqVDMxdWdVLV81dEFoN3RPMy01NGN4NHlKdm5OWWdNVWVrSDVjUGVVTC1JQVZMVkh2Z2tfWVNhZ3hOMzdBeXpMU255VGY3UmxGUXNwM3U5NWpldVV2cm10NzdTRmNRUnRn?hl=en-IN&gl=IN&ceid=IN%3Aen,25-08-2025
13,How Cybersecurity Pros Can Use AI Skills to Reduce Alert Fatigue,https://news.google.com/read/CBMioAFBVV95cUxOVFh2UmNJNC0xdDM2Vkh2YmdSQVJCTEN6UHRnTVlOckV5MTM4VzNwYWFlZEtTbWtsanhWVVdWRkZHNW1kQ1FmZ0ctQ0RreXdDdVFJNlRNZ0tSOGpoT0l1aWRlM0pKYkNsMG44el95UHFaMzJuM3Q0MTlTa2Znb3U2QThka196UnRqU282QlZaZjFvZ2lJbDZjQlp2dnBWT180?hl=en-IN&gl=IN&ceid=IN%3Aen,25-08-2025
14,How AI is reshaping cybersecurity operations,https://news.google.com/read/CBMilgFBVV95cUxQakxtRmxWX0pzNVVla25KYm9qekxjTldBeThpbDVFQ1Y4Yk03WnhON2g1TjZmVEJvSEJHTG91NGhWSHYtQTFwRl9lTVNHaUNxSWtxVTN0Wl9nZDBtUnphbWtiLUJISllfTUdCSVE3UEZacUpNR2laTXdLSWEwZEl4OEk2UW5jaTBPWVlxcnNMS0o2TjFrR0E?hl=en-IN&gl=IN&ceid=IN%3Aen,25-08-2025
15,Generative AI Cybersecurity Market worth $35.50 billion by 2031 | MarketsandMarkets™,https://news.google.com/read/CBMi0wFBVV95cUxNQkFrVzZ2R0JQWFMyZnRMTm5Sa094TE8telJKa0dJMFVmTE5BV0lOOE01WXBnUjE4dXRQWmpLUXVpZGRfRDNQQ25YRWRsSnl5Zjh4NTlRaUtUamVMQmcyaV90anU2UmFvQlJIU1lweUI3aDNlZnZOUDZDOHQ2RFNvemFEdElnc1pLdDF0ZXJmQ0J3M1hORmM1NjlIVDVsSmxSLWVGRHg2Z1RySDFKd3loeXViWmxFTlVpQXNMalVPZmQ3RHROYW9TUUxtZXdhOW82QV9V?hl=en-IN&gl=IN&ceid=IN%3Aen,25-08-2025
16,Smart manufacturing demands workers with AI and cybersecurity skills,https://news.google.com/read/CBMif0FVX3lxTFBIM2laeW1LcDVqSGNTVjk4YTBjVl9tSmszUTFIT2ZLZFRROF9CaWw4Q0ItMkxQMWstU203TEVoZlNLcVVGZXNTalNMc3JtWldGWjBuNXZfRDlrQnQyYjF3OV9RNm5paEN6cHhyQUs2d1ZDRHVxQkhaWXM0ejNxTWM?hl=en-IN&gl=IN&ceid=IN%3Aen,25-08-2025
17,NIST SP 1331 draft guide expands CSF 2.0 for managing emerging and emergent cybersecurity risks,https://news.google.com/read/CBMixwFBVV95cUxOMmRVRmZSZTduN25aQnRxdkR1bF81TEtiekd6X1ljMEFGSWluVXhSVVljTVhaUmZlM2tOY0EySGhMZWlfMXI0Qk1QN3dZU1FBX3JUSEJVb3dDZmZ2SDRGckNBOWhJNG9iSFFjQkh2OW5qSDhXZkprR3UyY2tGYmxoZVNJcTI2dHpYa0d4THp1dFZNck9RVi1TLWZWNGNOeWpwdDY5Q1doUW13VnNtQjdrNUFJa19pc2dJcXk5c0RwNlZoSzVjZFlv?hl=en-IN&gl=IN&ceid=IN%3Aen,25-08-2025
18,Future Of Cybersecurity: Connecting Cyber Networks Helping Others,https://news.google.com/read/CBMirgFBVV95cUxOQWxwVGpIb0h5bEUyVHVrUFcwb2ZGeXN6ZVlqSHktTmVCR0xCWFhRSGtkQThkcVRtYXNVeFItWEVuSHNrSGJ2ek80UjJtSlNBUGJvTUktekw4VHBYUWhsTmtZTUhPbkdNb0FuLUZqc0lQYTFOLXpzVF9NTGhtalhORWpTRzhHRF9jNDVVRTM5NGI0cE1GUGU1R091UmREMGE1TVBiNXpnSFV4V0Y4dmc?hl=en-IN&gl=IN&ceid=IN%3Aen,25-08-2025
19,Telecom Fiji taps Allot for network-based cybersecurity service,https://news.google.com/read/CBMi1gFBVV95cUxNako2YTNLWXBQeUl2WUVYeWFCdXpXaGhxd1dXeV9CZ0lYNWxERUVKVzc1UmEyZmR2V0Z4VHh0YlBxa3YtTW0yaU5oTi10TTdoeTJZYnFaQjRqWmtrRVRTWmp6blNyRFJwSWhIZ0xhTWttajhHcENJUDU2MDlVZko5Y0l6RWd0VDZJZE5aSzNEMTFlcGJ4SHZHNDVmc0VGdmRrU0tyN3VabDI1TUxXZHBHVzRHRllFR0ZIOUJNdl9WUzhjR3pzLXY2TXNaY2dkbm5KQnIwaGx3?hl=en-IN&gl=IN&ceid=IN%3Aen,25-08-2025
20,The New Mindset: Platforms Over Products,https://news.google.com/read/CBMijgFBVV95cUxOU3lGZUZ1ZTk4cE02aEVVU3dZR3ZRYXp3YXZJdHhGYmM1VTdvWm1WMzl4QnJ3ejVCWWRVMlFOX1ZxMG9OdEx0ZnBEcldXaU9rZVlWaWRNOGN0ZmJodUx0ZkhqNW5QQVk5YUxnaERhYlRQRk82N3FQTUNiZ0JPTUZJQVFrOV9XMXRXZXUzODJR?hl=en-IN&gl=IN&ceid=IN%3Aen,25-08-2025
21,The Real Cost of Poor Cybersecurity in Hybrid Work and the ROI of Upgrades,https://news.google.com/read/CBMivwFBVV95cUxPdkE1ajg1dTY4TjlVbmZ0OG9GNnRwa281OTlWTy1XbDFxRXNuS3B5WFYwSlQ5am9CNmxBZDlqZXpjQTBRRk9DQndOSXVXSXpmdUU0SkIxVjNzaEVGSXhDTVVSbTQ4NkJnbGMzM0lIYUtPN1Q3NjExcDNtNzZXSnY1ZzRpNkdiZ0hXZ19HT1p6dVRVR2hkT2JCWTBRV1hsc3hUZktXMzZjSG9ZdzFRTnNCWFdhazRnaU1XdUd4NTU0dw?hl=en-IN&gl=IN&ceid=IN%3Aen,25-08-2025
22,The Nexus of Cybersecurity and AI,https://news.google.com/read/CBMibEFVX3lxTFBuMDNEY014TXhLMmJRYjJ5dUhrX2x6aGhxcC1rT2ZaVjdibzFETHREOEhTa1NOcFFNcWs0UGc0SDNWYzRDcmhCZ09kazJSXzIwYl9Uazk3MzFEQnFyVDNfU1lwS2JQY1gyVzdGdQ?hl=en-IN&gl=IN&ceid=IN%3Aen,25-08-2025
23,NIT Rourkela develops algorithm to safeguard microgrids against cyberattacks,https://news.google.com/read/CBMi1wFBVV95cUxOWkFmQV9yME8tQWxlakhpSl9qX0pPUEFvZlBuenh4WmU0a3ptOXI1cEM5MVZHSG13SnE0dGRvVDZEcU1VSzM1bmxLVXdjcVZXcEpyRWw0N3h3RjJjS3VXSTVYY3lSY2txUGpxNzNxLXJNRDdqVTk2aDlFV0NKdzMwZ0ZfRUNMQTdQQ0VUaVQyeFMzU2pYT0pjQTNmcTBGT2M4ZjRCZG44NUpldnFRZVBWNUh4Q1BaVk9rN0x1Y2pMa2NKQ2FuNWhGNW9qZ0NfbGJIbE9NT2VnQdIB3AFBVV95cUxQd2htSlhXaTR1MUZKbTlQT0J4dTR2SGp4d3QxTjl5a1JjMkJuTlRkUzlubzZ4MkZaT3hHY1JVb2pzRVZyYmpIYkpUcGpyeXkwMTJJUlF3ejZCVUhqWkREUUVDcDJKN0NCcm5reHFIMmZpUDFRcXhub2IxMjFnai04bVlLT2pyX2dFV1RrT1B0SElWdnBtSkxlU0ZkcERIc05UX21UbmxCUm1SRHZ5LUlTTEd4WTNCbTJkZ1lQZnNIX1IwOGFUa09DTzZBMlBzaktnTnZNWmFDdl9YMEhS?hl=en-IN&gl=IN&ceid=IN%3Aen,25-08-2025
24,SEP 9-12: Trump National Security Leaders Led by Chairman of Joint Chiefs Dan Caine and NSC Cyber Lead Alex Bulazel to Speak at 16th Billington Cybersecurity Summit,https://news.google.com/read/CBMiwgJBVV95cUxNRWRUblRJOEVOS0dGRFdOay1uM0g2c3I2UDh5bDZRWGtuaVlid3RqbC1ncm5HNGZ1eUJvRkxVTW1URlBCaGQwa0d5Zl93a3d1Sm16eFQ3Zmx6QWVRUWFUellSZ2ZsUVdraXVFV0gxODhPeEwtYWtCUXlqQ1o5VGxudDN5dVl1b3p3YnlhM1dmSTBHU2RJMWxraVZJbEZkNjZpNklER3FoTlpCZ1NxQV9xem9wM0tQekVZXzFKRExBRmxyMHhuckVpS19qV3pDWEZ2WGNxWWlVUHFPOWx6V1NZbThZbnh5S3VWWXMtNlBTUFFYbmdua1Aybi1IRFlkUXZmMG5IQ0pfNFJfd2RKR2ZQYk4xWkJuYnZ1aGduTWxUYVVfTWJ4RWIwX1ZndDZlNXd4VTBOVkZzZVBWR3JwRWtKYnZB?hl=en-IN&gl=IN&ceid=IN%3Aen,25-08-2025
25,Cybersecurity for K-12 Teachers,https://news.google.com/read/CBMia0FVX3lxTE1ITllTLW1lNGRFdzRBYks1YjB4RlowM1QzeEdvd0MtUEY2bEVEOGJjVlhLcVFGczVWMVpaLXNGbUYtVDNMRC1raEZqbnc4cTRWT29vSTBGVTVpY3UtOTN3WS13NU9CVDlnU1NB?hl=en-IN&gl=IN&ceid=IN%3Aen,21-08-2025
26,"TGCSB, ISB join hands to strengthen cybersecurity research",https://news.google.com/read/CBMiwgFBVV95cUxNZDRhVnJLb0w4eHZJUjZWUVQxcXdyX3ZrQnowVEszcGZxQUlSU0k2dGdlUEhsbEViRWxrZVhpaXBCM2p5REZ4djRoOGRCWlRKUldXQ1N0NVNhbVlUclVSN1Vhc243aXg5RDZZNlJZd01vNm5Dbl9scUZpR3FkTTFyQUZnWlVPRUtfZkQwVmNTMXZpM2FtSVBmeGktcGRweG9wYkFfZVhuRXRiRUpKTEtiNWpEQjZ2Y2U2UkhyX3p4blNad9IByAFBVV95cUxQMlduNm05d0lOTXJSenNJTzBpUUhrN1lSWW91bzdJTV9fRERxYzFERHlHbGR2Z09sRFNpUWdkUnhDTS16R0poWlBzMW9VQWxzWTFXT21XM3FvZFIxOW1EWElaTkNaaTgyZ0NQNGJaYUVtNXFuQlUyV0FIZDhBZDBOSlYxVU5NYUN3ZUlLc0FrUUZFZ0hzY1hOS3VCMm9qOWxMT0dsTUpYUDhDbFBlaDRBc2d5OXFMdXpVWGhSd242Zlp1SmhscDFzXw?hl=en-IN&gl=IN&ceid=IN%3Aen,23-08-2025
27,Rackspace launches AI-powered cybersecurity engine,https://news.google.com/read/CBMiiwFBVV95cUxOcjRkY2pXUkdiZnFBdTlVdVVDc1JtV2VGZzI5cWNvXzN6ZnJZTFdTdk9fd3VxQ2IwWWNYSUQydTdZaWk5blF2TnhCUTZEU1dEQ29KYXJxWXBQMGFlbmVSUHpmSnNMUU9MY0cyZGUtVHpOakVKQmpkVmxuRE43LTQ5RmZEZFRJUjIxdEhB?hl=en-IN&gl=IN&ceid=IN%3Aen,25-08-2025
28,Space assets are under silent siege. Cybersecurity can’t be an afterthought,https://news.google.com/read/CBMinAFBVV95cUxNX1hkQWlGTFF3MThMazgwX0pTUkxEUHRkbFB0Y3VoMURTZDh2STFWRUNDVVExUE1yYTJvMFFNSE93aWQydm50cVl3SmxENmc2Y1IwVnpZeUd5ajR4cENQMlpINEplUWlkMnRaN0E0UmJzRFpYUFZFLW9TdXNFSFd2Q3pqTFJpYzRvbkVqenFXQl9lZkdJdmU0UmtjZjI?hl=en-IN&gl=IN&ceid=IN%3Aen,25-08-2025
29,"Cybersecurity Market Size, Share, Analysis | Global Report 2032",https://news.google.com/read/CBMijgFBVV95cUxPMFIxZDUwdGM1SkItQTllQTFQenlBYnVnZnhpdXJkQlRSQWFFdFY4MDg0VVNSY2RaUDhjbE0xcElnNnVSNmhfQnFzQXJuLXAzbEFoaE16WXFEQWVKeURtaHZXckRFOVNHSURwN0p0OE5tLXZvT3FJVnpoWEJTLWJ2d0hOWUVxdS1rd1ktYkZB?hl=en-IN&gl=IN&ceid=IN%3Aen,04-08-2025
30,"DLA, LLC Names Cybersecurity Veteran Alex Islamov to Drive Expansion of its Cyber Practice",https://news.google.com/read/CBMi3wFBVV95cUxPWFNYSnl1SUpTT1NiYUJnX1JIQ1J0dFNieEpWd0JzLXp0R2VWdTViWENid2U0QmVGcWU2U29ITTVsbzYyR0JiZ005bFo2YUI3djVjbzRxVUFYU29OcUJHTHM5Rndlcl90LUM5NnFsV0VlYlpLNDFFS2N4VGZlTXZwai1mcnNTWFdSb1NDOHZsMEFVY2FqOXhmemVXZlhTdlJBU1lUNkl4d0VxZXVFaXc3UTJZSDJ1X2xvUWRPcm1ZLXVIVnIyV00tVkpSVjdhRXY5WU9ob2ZveS1hdUkzd2tn?hl=en-IN&gl=IN&ceid=IN%3Aen,25-08-2025
31,Rising Cybersecurity Costs: Impact on Apple & Shareholders,https://news.google.com/read/CBMi1gFBVV95cUxNM0NmMnQ0TE01N1RFa0RnUzVCa3hhY1hIaTFRVXZtcC1BLXhnUWUxMjZpOVlVMHlkcEFmR3VxWHhvU2RNVGVvQzhrRjVzWDhWWHNyUXRvNmROUWwyRmRJb19kdWJ1czNlWExpaWVGaWZJMFkwazc2Yi1nMkdyY1FnS2tZOGRuMFBub1RFYXJha2t6Zklhak1HZW1JeEQ4ay1nWURfYmQ5cjY0V3VfQjlLd0wxRHJSOTVWeXRsSER2eVRnRmdWWHRvLTM4Z2tkYjh1MjZQVHJ3?hl=en-IN&gl=IN&ceid=IN%3Aen,24-08-2025
32,20 Emerging Cybersecurity Trends to Watch Out in 2025,https://news.google.com/read/CBMibEFVX3lxTE0zX2Q1bWpUMkNRT3pwVUh5eC0waGZvTUVOclFOMHpHNl94dHRBekRESDhTX1BueDczRnk5LXVvZWNGbDZ1UjN2a0J4SkRwQmpsOGFqWXV3bVVUSjhGanhEYkFvV3dvYkx2N1hfRw?hl=en-IN&gl=IN&ceid=IN%3Aen,31-07-2025
33,Cybersecurity in Accounting: Safeguarding America’s Financial Future,https://news.google.com/read/CBMingFBVV95cUxQMS0xM05rdFUtNlVfZFI4OFdoT0J4T3J6NERvaGFlYWJmNm83T19Lbl9JSDNMODdSM3FxOHotTVlPdWQ4REdPaEVDdUpDTkc4MF90VklYM1Q5OWI4ZFhuSGVTTjlRQXV5MkdLNGd0SVpoMnZBd0VubHJlSUc2dXBmWHoyZGRNeExYVkNaOGllamNhNHEzWXAwcjRvQmlydw?hl=en-IN&gl=IN&ceid=IN%3Aen,25-08-2025
34,"Cybersecurity News: Malicious Go module, new Mirai botnet, Silk Typhoon exploits cloud",https://news.google.com/read/CBMiqwFBVV95cUxOV0tSb3lpbWwzUExMQ0JWM0NacmRyU1VrbzBoMFZiUTUydlc1bjNGSGtWd3JYNFlaRkx1ODNZdUphVEFLR2dsd3ZQMm9tVGZEZUpocEQ2ZlZ1dmk4WXMzQ2M5Q1ZlZ0hiVE9NdGxkMk9oU0Nmay1KcEVFS2ZTUjdxUlVBRy1tLUdrX0cxWmhYNHJYc3lXOVFiOWdOUnlqeTdSTEdHRWNHWmhONEU?hl=en-IN&gl=IN&ceid=IN%3Aen,25-08-2025
35,Cybersecurity Jobs Report: 3.5 Million Unfilled Positions In 2025,https://news.google.com/read/CBMiUEFVX3lxTE5nX0lnRU5PZmlScFhib282RDlXOWRtWmNGcEk3d3NKN296UGxDdEhNQ0tOZ1NsemRuTThyZWREVEZ5cWtCMlVaRVpySGxnRkly?hl=en-IN&gl=IN&ceid=IN%3Aen,23-02-2025
36,Power utilities eye AI to combat cyber attacks,https://news.google.com/read/CBMiuAFBVV95cUxOclMzZ0VzUFlWcENFWkswTjNfNVEzS2F0X3cwTHdHRm84UG9lYlo4RE1hSGhyT3lHSi1iWWtDLURxdDFtN3htMkVkaFFZWmZDVUoxbFVURkROQjZpanBTWFRwYnlBYUZxME11TDF4SE5oMk5DcHRlQmVNblAxRWY1NGZHc2UyMDc0d0QtNVBfVDVjT0U1LXJDMkxJSG4zU0tTUFJ6WGFGNEJhcy1yNGkxX0t0dkJFN2po0gG_AUFVX3lxTE9Jc1hCbnBSd2ZYYXhxTkRuRl9iYllvdHNsZ1hEZ1FhX1RiQ0JEc2NwX0ZRNXlSYXJEZVBWSFRVY1BHX2tQdUlqSW5JRnMwMV8yUnRIX2YtQ2ZGTWV5U3pCbG5lTkFqcS1pOEhVQmhSVXFZUVBkRC1hdjEzeHhXU2JOYWRraFBTRzdxRHVITTdLSTlGOW1JZlJGMFpFWTZyYTkwRldrVXFhMDAwQzQxZlN4VmNUbmVad3hsLW1Xcl9n?hl=en-IN&gl=IN&ceid=IN%3Aen,24-08-2025
37,Australia’s cybersecurity sector seeks diverse talent for resilience,https://news.google.com/read/CBMipgFBVV95cUxQdFpEM1F2TXZENFdJcWtjYzV4NjMyR0NkUDc0VWFUN3pFLVNZXzBZczQybl9OUEM4Tkt4R2psdFo0cFBWWGxPQ2xNTWV4SFRDWE9YZmlNOEhRZDQ1eFE1RV9GTlc2ZzNVYzYyUTlRTVJldGVZT1BzVFdfQnlpWEZxRWs5MENSaEpuVlo2X2xKeWVteGx1ZmtoZmdXQmNweW0zMFJKbmR3?hl=en-IN&gl=IN&ceid=IN%3Aen,25-08-2025
38,J&K Govt Bans Use Of Pen Drives In Offices To Ensure Cyber Security,https://news.google.com/read/CBMiqgFBVV95cUxQT0xuY09PR290bHdtXzQ1a1pYUkx2OGwzdjRoeF8xUFZNc3BWaGdyLUZaX05EbmdtdFRmYTB3ODBYdFl1MnJQWXQxNXhXY0ZLVmRDZ2FRWUJ4d0xyMS1WWEdiQTV4WE95MmJRUGtjWkpTcm1OenQxYm41UThod3haS3ZtOGVvWDBIQ2JMQVBJeHRNZVVIOWlJWnhRRGxWNHc2OFE3XzBnVFBQQQ?hl=en-IN&gl=IN&ceid=IN%3Aen,25-08-2025
39,Cybercrime To Cost The World $10.5 Trillion Annually By 2025,https://news.google.com/read/CBMifkFVX3lxTFBEQnNVMndRZ0JfYUZ5NHNiQzh6eVNlMm8xR3IxclFhVXJidXJtX0dtREN4b29zYzRobEtmeUctVmw4SUt2TEtvdEhJSGhuM3lZcFcwOFJzZDNkQUp5UjBNeTd1OVl5ZERQZFBHVEVnOXFHR0lkOEg3aFhldzM2QQ?hl=en-IN&gl=IN&ceid=IN%3Aen,21-02-2025
40,Tackling cybersecurity today: Your top challenge and strategy,https://news.google.com/read/CBMioAFBVV95cUxPa2hQYWRua3o5ZE9KNjZVV3RjLXVsMWlVdzVWMHF5QjUyWHU2b3IyYWlYeF9FZDdDXzBFUm9uMTQ2Qi00VmVvMjU0N3hodUN4WEhteFpiY184c21SWFJOZmdJc3JVSk9xUjNsTTBOM3NuQ2EycEJfV2lKWVZocHhYaVROaVAtUlhzVzdqSmVtVjBYVXo5LVNnbktmdXU1amtI?hl=en-IN&gl=IN&ceid=IN%3Aen,25-08-2025
41,E-News | Cyber ranges prepare students for cybersecurity careers,https://news.google.com/read/CBMingFBVV95cUxONGRVRy1hYTBPdXI5NG9WaDNINGpUdXBsRHA5LVdmN3FCUGdmNTBLaUVPVmY3VzBuYWhxeHpKTnhvNzdZU0t3cWVaQ0sydHAwYmN1UGtaa0VGeXpYUlQ3djA4WFoybVlZM1FDY1dveFZxeTA4RmticzA2T2dzWFpqNi1BdmF5OGxLWDBMVjBKYnU2cHJ3QzFJMVZURmVXQQ?hl=en-IN&gl=IN&ceid=IN%3Aen,25-08-2025
42,Transparent Tribe Targets Indian Govt With Weaponized Desktop Shortcuts via Phishing,https://news.google.com/read/CBMiggFBVV95cUxPeEdZSFRfMTBaSGpLcXJNb3l4RlNycjFMaVZZSDh6RjlrUTcwT3pCQ3FBY2VQRUJULUlRNUtLRDJ1UjMtQm1fLVF3U2s1ZGVTNjBEbmZiS1BhXzl5TG9SeVI3N3FUU0FHRzQzbGU4Xzc5YjBJM05mN1I0czUyTlJnclVR?hl=en-IN&gl=IN&ceid=IN%3Aen,25-08-2025
43,"Cybersecurity Stocks: CrowdStrike Price Target Cut, Verint Acquired And Netskope IPO",https://news.google.com/read/CBMiqgFBVV95cUxPQ1lRQmlLQmx4TEdxekRERlpjei15Z0h4VS01ZVlDOGI4czlTMGpvQWd5WlRpNXdvQUtFUnVkRWtxNk9tLW1xQnZJWTR3MWpraWVJTFBSRW1yYk9naDlIU2VwcWlqdmZpbGlRdUU1ZlJZbE00VFp6T3IwLS1JUTh6aUJ4R2huNWZ4Z3FISUNwRzJjM3hKdEFKdUhjVHlJR0J0QnBYcnZOdHJIQQ?hl=en-IN&gl=IN&ceid=IN%3Aen,25-08-2025
44,Telecom Giants Under Fire: Boost in Cybersecurity Investment,https://news.google.com/read/CBMi5wFBVV95cUxQUmNrZ3psT0VfdnJXZ3lHdzk1SnhQTVk3VUJmdkdEam9PMDEwRWZQSWZiTFc1clB5VjF5N1BPYm9nTDF6R1MzUk16eHBKb01tYjlCU19kWVdEUmZ4Z3ViX045U01tNC10UUVPU1pwdlJ3VE15cWx0TjJCMXhnTkg1QTEwTnJVZEVudkJjV1JYZ2VPRFp3QjBRdmhzcnFSczdyanVrTFlkYkhzZFNrenFDQ3pWRmFJckdDUng4Q2hrTGFZVFVuV19HRWhSTUhUQWNHalZsMnZTMVZhWS1YVXFZal9vTlVqUFk?hl=en-IN&gl=IN&ceid=IN%3Aen,24-08-2025
45,"Enterprise hits and misses - agentic AI fuels cybersecurity angst, and the AI bubble debate is back",https://news.google.com/read/CBMisgFBVV95cUxOTHNVUnRTdWRFV1puY21vRzVhQU1FaFZNNHpjcEljclNfalZ1TWphTnVhbHVBRy0zckZmSFpBY0ZhempDRnhPX1gxNHBELWkwckh2d1dDMlVSY0NZeS1tMWc2aW03OE5wT1V1WlBoZ0xCSXFCSEtnelN3WWdXMnFjeWVyd0VBazJIdzVZSTB0VmFXNTU3TDNfZVNtV09YakV6cVJhYzY4blJkOHFEQUFBOWpR0gG3AUFVX3lxTE1wYm15S1FGbFhIVE1jT2tIZU8tZGIwWFYzVThyUmk2RlhOWnI1eVRSakZ1VmVOVFdrdTFURlZnZEJJY1cwWGtsNzdDalBOTmF6cHM0eTBjQ2o5RmdHSHJYazhFSFctNS1uMkVQZjdQN0txbktLZ2dDRXc5dGhPNTdlam1vTDRxbHljcUlEdWoxWVJWYVU5QTY5WkwtNTUzazVCZ2p3Z0V1VWpmYi16cl9HbVZhM2d6RQ?hl=en-IN&gl=IN&ceid=IN%3Aen,25-08-2025
46,Securing smart grid infrastructure from cyber threats,https://news.google.com/read/CBMimAFBVV95cUxNMkYyVnJ6cTZQMnNEZS00Rkt6c2c1a1QxZUJuUmQwNjNsOV9iMmIzcWVhWTdnZ3MyZlJxVURkOW5PMUY1TldBUUdFdm41LWplN3ZrWFBrMGEtVjY2WEU1Q3ZyckpjNE1wdi0xYklTR2JvdUlwalNtR0RnZElOSGdWT3Rmc0ZOV2pUT3VGWTllVDZSdGNVOG9hMw?hl=en-IN&gl=IN&ceid=IN%3Aen,25-08-2025
47,"Hackers Target UAE Wi-Fi: 12,000 Wi-Fi Breaches Rock UAE- Officials Warn of Cybersecurity Crisis",https://news.google.com/read/CBMidkFVX3lxTE9mcmgtU1B6ZVlxWGg1T0w0TGZianpSRWs5bV9fNlNlTUk5QU1xb3NzanZlV28tdU5wZ0llVDVHRTdsdEhmVVQ4cGlybTZqOXN4M002MGNUNFhkN0FEeWt5MklqdVFPMHNYMFFDbEV6UmMxemFiSnc?hl=en-IN&gl=IN&ceid=IN%3Aen,24-08-2025
48,"AI-powered cybersecurity: TGCSB, ISB collaborate to build digital fraud prevention models",https://news.google.com/read/CBMiyAFBVV95cUxPM3ZKQVhTaU9BSjVrNG01YVU1dzlxUTlZU2tuYlVmejRhOWxWYnBtcldRZDEyVjE5aUtYRjZRYjdqUkJ0cERlNDE1NlRqeEZCNDltWnJ2NlNVWGoydmNMLTAtcnRPODVuOGlLYm5zejZsV3dqLVBPYXhaRVd5T3FKQXlyMVFGMFEtellxY29jTld1SDVvTDFDV0cxb1JjMWxwUEZscjNuN0owZXpNZUt5ZjFQYUFYcUs0SzZZendiREMwLUp6MnVhSw?hl=en-IN&gl=IN&ceid=IN%3Aen,24-08-2025
49,"Instagram Maps worries cybersecurity experts, as Meta’s tracking legacy looms | Latest News India - Hindustan Times",https://news.google.com/read/CBMi1gFBVV95cUxPd0p3aEtMbnJEc0pNRkxpMjBVSFVQb2ZEb08yd1VfbTZXTXF3cEFyQllDVkt5ZVF2Y3RJM19mQldQd2ItcExORVNxRzdOWDVEUmwwMzRJLU9yejhscXM2Q0F5c1NuMkRLY0p5MlZmTk1oOWdybVNfLVZzRm9CQXJmRHFPNHlTYXR2MF9aTENXR0pNd0ZMSWJEbk5Fdmk0UWM0Wnh0U1lYczN1NFY5WUdsX1ZuSEl1LTRBWGlHZ0F5ZmJaLUFubXpnVlA5Q0N2anFDUGlLemx30gHbAUFVX3lxTFAxRDFsSm1TekJ3MmZheE1DbDRfQnRvSE9oUzNuTllGdXFUeUQyT0t1a0lsWEpORWFqcW9qbDlud3NuNzdsX0lvYkxucmtEYVR1NXZsQWQ5eGFCTjJSU0FYUE5vVFc4OUNXT1NOT0E2dFdRc2R1c005djZIUm5zcDN4b25mUDJ5bjdlTVJoYlFMamxXV0RuX2YtYTROS3RvV3JPeXZtd3pGN1BybXNKUDdTekxWN0swd3V5X1RtQVFIQWZNeGl3clo4b3Fyd0otVVRscXJEajVvbnhBVQ?hl=en-IN&gl=IN&ceid=IN%3Aen,20-08-2025
50,What Is Cybersecurity?,https://news.google.com/read/CBMiWkFVX3lxTE9lRmhHM2pIOEV0dFZkYWlPbS1IMVFQYmc1d3pXVjdOdzdYM2kyN1QxVU56OXZ1bzBXdjF3enF6bVN6M2czVnpFa2t2S01URWpnNEN1eXV1cHRpQQ?hl=en-IN&gl=IN&ceid=IN%3Aen,23-12-2024
51,Legacy Systems and Cybersecurity Risks: Why AI-Driven Banks Are the New Investment Frontier,https://news.google.com/read/CBMiqAFBVV95cUxQaFpVQ3NuTGF6UkxYNEgzSWFhR1QzQy1CMHBiWDE2eTVIMExPVW5Bal8tWWt5R0o2cEFkblNfSElHZmtQM1pObHA2SG8zUkE0ekJVcTVnSWtYdXQzUUprS2ZvZTB0REp4ZVU1VW9uUHItaVBFUVAxcGx0OFFhNHlXeVlGOVByQ2Y0RnpWZ1ctVXYzQnUyODJ6MTB6OUhNS3lONTlUalpYUlY?hl=en-IN&gl=IN&ceid=IN%3Aen,25-08-2025
52,China-nexus hacker Silk Typhoon targeting cloud environments,https://news.google.com/read/CBMihAFBVV95cUxQOHdRZHdDcWJMSU9GckRIS1VKZmpNZEw5QVpjQTVaR1ZKamo0ZnZjVkw5eFhEVEU0eF9RQ2tIZUdWY2VpRDlvaVRla0ZlQjNoR3c4b2NsYU9iekJrYk5nM250WVctUjJBTmZ4STlaUEp2N0FBZF9zMi1wbGUwOFQ4YWR1QTI?hl=en-IN&gl=IN&ceid=IN%3Aen,22-08-2025
53,AI’s Dual Role in Cybersecurity: Benefits and Emerging Risks,https://news.google.com/read/CBMijwFBVV95cUxPZ25iSmpPVkxabUZaVEV1aEU4Tk14MGtNNlMyc1p5ZzV3aTdvMzZiLVpzSGV5N2I2dzlnaVJOakFHSmpORXpOX3NmOHh2YndlbWkxalV6ZjdHRWQ5UnY4V21Ud1FiN2VYVzJCcG5DTG5pampWUUxWWXlURWpkNmd4SmtSNzVfX01KenFmRl9CRQ?hl=en-IN&gl=IN&ceid=IN%3Aen,25-08-2025
54,"IIT-Roorkee, Futurense announce GenAI-powered cybersecurity programme",https://news.google.com/read/CBMi9wFBVV95cUxPN3BFMWtGbmgzU1lSRUdoVGJkS21CSE5RaERUSFZjbDlvb0xRRWFLSF9Xb0U2UU0tcVdzQ184b2VQLVVrTHZEWlZvVmVuc21zcEZ1SnpPajNFSTB4d1JWYXhjMVlnNHd4M1dnZS0wODZDZjZDQ1h4cHZ3YjNPcHBaOFE5UGFzSkRJQ2RCZ3JVSHNrNndQQzhKMk1BdER0NXM3YXpjUllVLXlvVW1QZ1RnWFBzMjBjNC1sQzVGQ3lpQmQyTVViSkFxTndiUDdhMnpSd1V4OTR3RjZvbFB2VHVkMzVTSHYzc1FYN19QVkgzaUVxbFluWl9r0gH-AUFVX3lxTE1xMlBPYXd3RzE1bFI5Q1lweWNZS19yNHEzQml1algyVWhFVlFRTHlNdzRuX1c3TDJPYzMwNVhsLWR4aTFNQmRnSTdVcHdqa3p4c3gyV2N5aXpNelFGWDRKbXZUc1hYV2tCZmhINGgtSlNGcWd0R3U0ZFAyRnhkQUZRTFVEV1pvMThPaFlHNnpDV3l4cUlqXzY0SnVoQVNub2xPd3cxZ2RYcEluY1VwY2s4TDFPYjZ1VGdYdGt1UFJQWG85NzU4ZW1QakdDaUtveG1EMkRNNi1UZER0d2dyeXlaellvTkVId092c1BvSDRQTk9DMERjNEM0X2I0SWpn?hl=en-IN&gl=IN&ceid=IN%3Aen,21-08-2025
55,Accenture's Strategic AI & Cybersecurity Expansion: A Multi-Year Growth Catalyst,https://news.google.com/read/CBMirAFBVV95cUxNZnBSTGtXZmIxcGhqM2ZDSHJ4ZHFRSktNaTJpZTNuaXF1QjRUcDR3Qzd4NmhOTDREY3RreDVGQkhWZDF6eDZUakN0YXVhZFlrMEQ1bEx5dzBLbElSejJNSkRSRmUyYWxTbUlsYmY0NkRSc3BiRm9BOXVRWEpUdFBxTVQ2TEluMlNJeUNhQTh3NUdLdDNFWkpSZW5ab09TUHJDQmRwQ3N2aEUwbENm?hl=en-IN&gl=IN&ceid=IN%3Aen,25-08-2025
56,Human Distraction Now the Top Cybersecurity Risk,https://news.google.com/read/CBMiekFVX3lxTFBmd1pQMHdZXzZNTUxUVVo2NC1GcWM2eEVvbjZaVTlYRUhTUUdOVklIbWRtZzJTbDc4LWlyV3gteVl1d0lwX3ZiN21DM2VhVVpqUVBTSk4wbGczeERpV3RyLXVMZDYwOVN2TWdsLTZuc1M5WmZVcnVSbDZn?hl=en-IN&gl=IN&ceid=IN%3Aen,25-08-2025
57,Is CrowdStrike's Valuation Justified Ahead of Key Earnings? A Balancing Act in a High-Stakes Cybersecurity Market,https://news.google.com/read/CBMixAFBVV95cUxOQ3FOSHhzRC15dkF4SUM1b2Jsa3ZBVHgydUViamlyU0x0d2tuTzRhZjJnVUJMYnc5YmRuZW5DdXhuNDdFak8yUVFqbEhxdEoxOGRCWUpGN1ZHWE1oeEo1aTNVRUNGeFpkZ2VNbVVqaVo4WDRhdkVFZWE5RThJeXlQM1hBamttejJSdjI4bGsxOHdoTUZMODdDSU9DNUtvM1VJNG92YmEzS21CX0lHWWFpdmZndHp5RGV2eTVSZkpoTnV5RUhC?hl=en-IN&gl=IN&ceid=IN%3Aen,25-08-2025
58,"India launches first Digital Threat Report 2024 to support cybersecurity in the Banking, Financial Services and Insurance (BFSI) sector",https://news.google.com/read/CBMiaEFVX3lxTE5heHNkTGprYmxMOHQ4TjFoNEtTQ1M4dVdhcWpHWnJES0hSeHhzS0xGaHpVa2FEeURpNEROSER5M1NISUk4SGZLUElNZFMydjhaM00zLUx1VHlzYkdwc1lNa3dmbjZVTGpv?hl=en-IN&gl=IN&ceid=IN%3Aen,07-04-2025
59,Microsoft Curbs Early Access for Chinese Firms to Notifications About Cybersecurity Flaws,https://news.google.com/read/CBMisgFBVV95cUxOWjhkQWlZV2NBeEtUS09QYk9sRzBjSEN4aXNHTFFJSEtmX3hHR25PMDNCUEwzYTNCSkZjenlTU2l0LWpuN01ONWhMYVNqOWFBVXJraElBSWkzT09mNXk0ano5MHgtTXRmN0pRMHhhZ1Y1VDNmeHlsSm5jbzh2NEhkTEc2aVlDVlFVTnB1bUNjU19YQzB3eGdXaXRvS2Z0eGRDcmhnaEtjeHhnci1kRzZYMFh3?hl=en-IN&gl=IN&ceid=IN%3Aen,20-08-2025
60,"Email Security Market to Reach USD 13.22 Billion by 2032,",https://news.google.com/read/CBMiygJBVV95cUxPX09ta08tVldULTUyZkxSenU1UW9aMGlPdGZJcnMyNDRjTWU5anBzRDhES2RkZmVHNVNacm5wUVBpeTVRV0tNcHpLQmNKUUIwUFZ2REdmdzNpakxtNGI5UzhIa0NMNW82SjM3eWFfUk1jUUZGMnJJQ1lKQ25KelQyWWNSd3FFTFNoRjBFb2s5eDM2TGxmT18xWGxhVklKMFEyNWp4NUh6Zm5WVjhMcWNabkVBMUJ2ZGxBaXVIOE41SnJUSVJYTlhMa1JvYmYzc3FmVGFVOXp1MnhlbUNicVZnNU1hRWFIRjZiTkZWbGVxQ0lZV0k0a1RQVFpNRHlBQUhYUTE5Y01GZE1IR2xHU0JzMnFLOWpVMUlyY0ROWU9yTlBVdndld0puZnJyd3pvWlhRZFR5ZWhhTHBPNXhoal9rS3hBVGU4REFBaFE?hl=en-IN&gl=IN&ceid=IN%3Aen,25-08-2025
61,7 Cybersecurity Frameworks to Reduce Cyber Risk in 2025,https://news.google.com/read/CBMigwFBVV95cUxQZkd4dWpIOUFYRXVFcmhlZDQtUUdSb2RTVUtXazVQQ0ZsM2lxYU1JZVVZdGhkQ0c0Q3dITUJaa0YzNHN3MnVIbjdpVl9yeld1M0lPcEZhZHZiOTJrN0sxZnRVZlljSHVmelhQS25BQ082OWdfQlFpTjZ3Ty1sazZvS1ZPVQ?hl=en-IN&gl=IN&ceid=IN%3Aen,06-03-2025
62,Hackers target Workday in social engineering attack,https://news.google.com/read/CBMinwFBVV95cUxQbm5lUWo3MDVTMl9Nbk56WWxTTmlsaUhNTGRQUU5paDlMOElUUkdGbnVueUI0V09SdzFtMjhHQ0ZrWDl6QVdUbmR3eDBKVmhwX3BxSDJFX3FMeTNCZmtYUDZVUXBVWElpbHg2T0VqNHltU0tVMVlSVFFrV0dnYU1aM1ptZFBJaVc5dWg4aHVGYUxaWjIyN1dwX2tsc3J0elE?hl=en-IN&gl=IN&ceid=IN%3Aen,19-08-2025
63,"UAE Cyber Security Council: Over 12,000 Wi-Fi breaches recorded in UAE this year",https://news.google.com/read/CBMiU0FVX3lxTE5Ia3hXZXFsQkxESEpVSzU1enk3cnBSYlhMRkNIcnh6QzlEdEN4dzYyR2dCelJmdGd1SGd3S3MxV3djMWZKYm5nMzBvZ2ZBOC1yUEhB?hl=en-IN&gl=IN&ceid=IN%3Aen,25-08-2025
64,Top 10 Cybersecurity Predictions and Statistics For 2024,https://news.google.com/read/CBMisgFBVV95cUxQZlZqcDZ1LWd6eXM2MEd1ZVFHYXh4Nlctb0NTLXpJVkxnTG5uSnh4UThhUnl6Zlgwd3dBVWNJYTVKSG9BdmhSdzhCbTY1SVhZR01mTS1OWnhRSXZ2M3gwRXlYOXM1Y0k0ZWNoYll2VUNsU0xPWkFmTGVOdl83YnlvLU1jVzhiTUNTdFdVV0lXV2JYcHB5N0kxb2F4OXlkRHBBd2hNSjh6ZExmT1BnMVVtRVd3?hl=en-IN&gl=IN&ceid=IN%3Aen,08-01-2025
65,Cybersecurity Market worth $351.92 billion by 2030,https://news.google.com/read/CBMidEFVX3lxTE1fVDYyWHlaU2xtMnJVVHprMGlRaG5RXzM1Qk5yUjZvWXVLOTdNZWxKVnlLMmJLUzJKdjBuZkVzYkVhVl9QN1VIdzJld3BJQUpxc0F6NmpfalI3bjFqaEM3QjVLdzhvZUlaYzdmTUNTcEx3UTQ0?hl=en-IN&gl=IN&ceid=IN%3Aen,07-02-2025
66,Careers In Cybersecurity: Which One Is Right For You?,https://news.google.com/read/CBMihAFBVV95cUxQd3R0cjFOY3R4N2k4bk5xaklTTFBEWHQ3SzRtdVJycGo1eWp5TTR3UmZHOTB1enJwX0haWWZ6dVYyYS1VVHRWUDlOMEZ1UVJRYkFQbnoxYUNZS3ZGTXNhNjN4bUs1UGJ6cnB1THltMFhqSEFvZVZzcXFNSm1qQm5RRE9CTVI?hl=en-IN&gl=IN&ceid=IN%3Aen,28-07-2025
67,Cybersecurity sector set to generate more jobs: CySecK head,https://news.google.com/read/CBMixgFBVV95cUxOa3RRYmxWVmVXZDBvSXVHdmYzVjJhd19lVEF6V191VXFBbEU1RzczSW15RklWVWhMVFRSUnVBREpyRWFBUFk3Q1FJaEJHUGpiS0Z5NHZJc1Y1WG9IcVlLaXh1clE2MkkwckU5Y21iM0hLeEszc2hNR1RDQmRjZFRQVm01bl9xMDI2S1k4akFFYndRbjRQUFN6V1ZlRkFvMDRRaUZKS2o1WFlnOUt4QVVQUEVPRVQ2N0hoNXczOXR2U3Uxd1djcHfSAcwBQVVfeXFMTUh2cUw4RXA5bFZGRm5Nenh3b241RmFZS3d6V1RzVTBqTjFrOERyNVdhYmNDaFQzZGxPc2YzNFY5YWYybmM2Q2tpTjM2T3BoMUs0clktNnpWeGdWazN0RE96RkItUlV2S0NGLVRJcmlIckp1MVZDSF9lR0ZEeXdSdTh0aFZldkFUUFNEbkxTcm1xVGd2cldCbWhxY29aSmhPTVFIYkNYbmlYYzlNcXVOa1BXYjJtT3hISFRqUGFWcDYwVEUzYks1clZoX1NY?hl=en-IN&gl=IN&ceid=IN%3Aen,16-08-2025
68,Top Cybersecurity News Sites,https://news.google.com/read/CBMiXEFVX3lxTE1QdzRGSzAwZ0wtR1dMZFp2YjJEOGtuUVNwU094TkFMeHNyb25NWUxsdUFKTnVqeGo3cUNXMVVyUEIzNWxpMmtybzBYOER2bXZZX2x4cUstUWt2UzFz?hl=en-IN&gl=IN&ceid=IN%3Aen,01-03-2025
69,6 Ways to End Reactive Cybersecurity,https://news.google.com/read/CBMitwFBVV95cUxQOW1xYXZQX3FfUHlMeGl6S3E2MWdmQXBfZ1dRZVp2eDhsQk4ta0pkWE1GS0IyaXllY0lGd2tTNE1yRjFCNGtYQ09UeDVNX1BwUzlfVndmdmV2X3dRbHZ5aG10Wm5BNDZXT0pPVGE3Z1BUVFBvbmdlN2NESmxESU1zVUhYU1dLSmNSNDI1d0sxYnBleFJyLURRdzQzUmE2RkZZTWxyMDJCUGZKZUZnN3dfN1pRdllKQzg?hl=en-IN&gl=IN&ceid=IN%3Aen,24-08-2025
70,"Ransomware Attack Hits Drug Research Firm Inotiv, Disrupts Operations, and Leaks Data",https://news.google.com/read/CBMixgFBVV95cUxPN1JkVVNndThjS2tVakRYQTVFSmxmSmtzbnB0MndxejAtd042Snk4ZzcyQWJ0ai05SUpDdDRmd2VpOGE5VHhFS0ZWZUluY1lBaGRVSkNZSG1QczUzc3pZdXE1Mlh0bXdKLUVURHJKWmFiSWFGN0ZZbHJ0cWNrbDVSVUZnc1Z3WGUzQS1KWm90MVRKNG40YjhoZWVURTI5QjZ2YUZ6NXJJS2ota2VtVnI1YkRxNy1Nd25ya3RJWHN3TjFfZXlTOGc?hl=en-IN&gl=IN&ceid=IN%3Aen,25-08-2025
71,5 Common Back-to-School Online Scams Powered Using AI and How to Avoid Them,https://news.google.com/read/CBMiakFVX3lxTE9NcGVVbklITnFRYW5vSUZVRDhFRzJ3aEJoeHdqSW9MeGduengySWdOMzI4UU9XRXZMQzExYUNJM1FnNFJSZG5nUVRBdXNMZ2hXSVFSN01yTkF5dno0YmU2WW1zV1BVUmZVWHfSAW9BVV95cUxPZkdaOFFpOGIyeEpyZDc2NDVoOGdaV1NyN3Q5TldQbm5ScUJKYk5CZ2FPVm9ycE1oZ1NpSlJjaVhWNHVCU3ktaDJ4UVpsTjBuQ3dDdE95dzN4eHVFSmFjUUdZWnhualNCTDAyLXNQbTA?hl=en-IN&gl=IN&ceid=IN%3Aen,25-08-2025
72,A new Coast Guard rule puts cybersecurity front and center for maritime operators,https://news.google.com/read/CBMi0AFBVV95cUxPRkNGRUNPZkItOEx2dXhwbXIxam1ZZGFEUWhKRGdQaFA1TzlBNjkxcmV1VGE0WGo5M0ZCaGZxUkdSU1FkN0NLMDFBeXJ6MGVRUE5CUmtJbExYZXZMRmw2X19od0xJR3lMNS1UWC03LVU1N0F5eENCc0Z3ZkdzS19sY2gzdU5weEpRbUFQdXFVMUlvLWpQcWl5SndXdHN3UXRKdEpUZXFUbXlnUmtBVDZuOUV5dVJRYmJrQVEyWjNSY3kzVVNyVFo4MXBXQXRxZlNi?hl=en-IN&gl=IN&ceid=IN%3Aen,25-08-2025
73,Global GSA Group sets new benchmark in cybersecurity,https://news.google.com/read/CBMihAFBVV95cUxOU1REY0d6YjBUOEhjRzdjb3VTR3YwX0lQakVMZU9FaXVNV0RtNk1ZeUstdlFPQUpyaFFFQlNWaS1ncndHVGplREhOYkxYdUtfTHRrLUk2YjdPSjE4bTNSeHZhS1NjamdzR0pyNEJIRjZ1THpPaWxDaWJjNTQ0bnJzYnFONXQ?hl=en-IN&gl=IN&ceid=IN%3Aen,25-08-2025
74,Cybersecurity operations,https://news.google.com/read/CBMiTEFVX3lxTFA5QjJZc19aRGxxLTkyVWEwOFVFd21fTWFrbVVRNmtzWVJ6bzFVUl9tTW1HeDEwTzh5ZmVBWE1Yd3ViNnVNX240WTNzTjI?hl=en-IN&gl=IN&ceid=IN%3Aen,03-02-2025
75,Attaxion Releases Agentless Traffic Monitoring for Immediate Risk Prioritization,https://news.google.com/read/CBMisAFBVV95cUxQc3ZQcFpOMzNzN3oxd2pZR05Uem1sWWpqbkJJNFFLSy13am5LRnhqUXB1cG10UkJjaHE2b0t0MVRHNzMtRTR0Y1h6NE9iVXBfbko0a1gwdFRQWHZYVVloeFBudVhQdEduckk0bDFYWWJ4NFZTbllWT1hqcHhsMnd1NVdXSWlZZ1dzOHZkZFIwNldFUFAzX0prZ1V5RmpkYVJPM0pNSGRZcmM1SGYzZUpVWNIBtgFBVV95cUxNanJFbE1JRVpDWk56NG9naFZpUzJVVm5kNkZzQ1pXb21mdmxGQ2NBYXM0blg5bnhMaDM2SzFYRW95aTgxTXl4bFloYUlSVE8tbklzRXZaVWkxRm5BQTc3bXhFd3F6MzVlaW40NWtEZzh3bWJEVEdOdk5OMENKOXJ6WHQwZERLSUdmUHZLRmdwaEJlbDZUMmowaFFkS0tJLVp5VzBGYW1mQ0w5cjEyYnZYdmlOUGVIQQ?hl=en-IN&gl=IN&ceid=IN%3Aen,25-08-2025
76,Cybersecurity researchers have discovered a malicious Go module that presents itself as a brute-force tool for SSH but actually contains functionality to discreetly exfiltrate credentials to its creator. https://lnkd.in/gUD3RHqH,https://news.google.com/read/CBMizAFBVV95cUxQblVsTTlhem1wc2VTVGw1Y3hOcE5ndUs0RmNCZ25WNzhxQVg4a25id21UOEdEb19nT2hFTG1rVkVVbm9wa1hxRk9HNzU3OUN5ZzZwSHRpWkx5MUlieU5Hb1RFSG5CMmFHcHFMbV9Sc3YtMDlPdDB0dnJCYU11VEFraVpweTV3VzdNLTRTT21DaThpcGd2R3JhM0pOeksyS2ExbTAzaFNvQjA0Vk1HNnMzdmc2NGJUTi1ELW12Y0ZGekRUd1VaTGRCMm91UXE?hl=en-IN&gl=IN&ceid=IN%3Aen,24-08-2025
77,"AI, Cybersecurity Offering To Boost CelcomDigi’s Presence In Cloud Market",https://news.google.com/read/CBMitwFBVV95cUxQaFdTX3RSQlJLSW5ncVFXLUVObnpSdmtlU1JxN1Frb2pKZFNpa1FxNWJXUnVOdUtuMFZ6MXgyWWtXRTYyNHMzUjFCOTBkdUtZMHZQUVJuSkh5dXlPTFA5QmlJakJuRUlfcGRmdVNXWnJ5Z2dfRHZrS1NoeFdYbHpacDFselVRVTl0QkM0SXBTMWNyc3doSHNHLVkyZVdGdDhEdU5RaXBzdE1wZHRlNE9sTHRuelJwM00?hl=en-IN&gl=IN&ceid=IN%3Aen,25-08-2025
78,10 Remote Work Cybersecurity Risks and How to Prevent Them,https://news.google.com/read/CBMipwFBVV95cUxOWEg1M21jSWFuandWQ1RrNkg1Q0hUdzQyYXpkOVp1b1BETDd3R0NQUThfYUx2YkdVdkltM3RRTmliNVdOQnJPdkItTGMyWGVIM3hSY3lvOUdwenhDTFJRZVp5cTduZ3lBZTBzRGFEdXk2ZnBBcUF4MUFhX0VhMThzNk9rbkpSYmVjcURDU2lldEV6ZEJHSXF0Yk5sVWlRbzlJNTJiQUhvQQ?hl=en-IN&gl=IN&ceid=IN%3Aen,25-06-2025
79,Cybersecurity Firm Netskope Files for IPO Showing Revenue Rise,https://news.google.com/read/CBMiswFBVV95cUxNTW93Sks3MlBPWlNtdlhyUUN5M2cwNjJEdGhNUlFQRElkUXlNWUpoWXBVaWVZcUE2RzlqSmFsWHN2OEFoOHp2TnlvNWN0a0ZqS1NoZzlHSGRBRnBkX2NBSWkzdlVfWm56Mk10VlF3ZG5zRUkyQ1VYRnVDS3hYdlJDaXlBME5YcldDRkdRaFVXZkEyNUdZeXdIRjFsRklfeWRkSzBTcndhYVQ2VnBZenl2aThQNA?hl=en-IN&gl=IN&ceid=IN%3Aen,22-08-2025
80,Cybersecurity for building automation,https://news.google.com/read/CBMi4gFBVV95cUxQYmpDUldVYUc3XzVtY19vVzlRLVZkci1uMUdna1ZWLXVXVW45TzZsTkNkNEdOQ2VxVXFoM0RCbXBBczI1MXpucFdFRk5mdnJMX2lMSTg2YnlfeHJkdGFmWG1BcWFoeG1vMkc5RXl1Nk1mUi1oTDlFTWJVUVZydko0TXA3MGtQMHNENUNCc2UwTloyajR1VUtPLWk0MTFuS2h1UTR0TDJRWDhMdURtTlR5MGtXdVpsWENfa3poa3I1VDh1dExMYVF3YjdfLWllS2tUUTAyRkIxSDV0WE9FdmVFS2dn?hl=en-IN&gl=IN&ceid=IN%3Aen,21-05-2025
81,J&K Govt Issues Strict Cyber Security Directions | India At This Hour,https://news.google.com/read/CBMisgFBVV95cUxNaGg2WmhyUjdFcHZQRTlQSnduUW9ZcjRTNE5HRHdwUWVGTm1RR0hVS0xiS0Nra1R2ZElvTDhNWjNSWEhmX1hVX0JuNWxUMWJiTHRTcFNrdlNkV01uZ01MLXRnRUdGbWZUYldnUl9XRWNqRlo4bHJUVlVRNGtoU2tURmZNUlZ6cGFqT0dkeDhMUlhMNjE2SjMzSDY2alBwSkFCNFBUZUg5TUxXQndVRXVSRXB30gG3AUFVX3lxTE5lcWs4eUl5T3Axc0hNaUtwTjV5R2cwd1lvSGJVRG42ZXZrNXh4X3RBMTB4VDRTRlZlUEFfRFNsVlI4eklLazNaWWxPUV9rWWd4UnNYWHZXeWZmNjZfVkxVTW1wVUpSWU1OQnFfdjhLeHVmUTVRRmlIdUhiNDZPeHFTYzBYdmNCYVVRSkE0THFWMFBmdS1sQ0c4QnJjejlMOHc2dWdVaGtXaHhiZTdoR2VoRENyNWpqQQ?hl=en-IN&gl=IN&ceid=IN%3Aen,25-08-2025
82,WHO/Europe launches guide to strengthen cybersecurity in digital health,https://news.google.com/read/CBMiuwFBVV95cUxQRmRjZll5TkhSbWxWS0owNlg2cTQ1WjdFRzYxLWF6ejh0UGR4RGZjM1hBQk5rM0FiXzVaLVp1aUotOElrdW1YYWxDZkExUDBhRjNDRm9HRXE5Z0dqWERqTGpTMzhZUGl0ODZzTXpFaWJ4X0dvME41Z3RpS2JwVHYxdi03Z3hzeFF4eDBwRk45QmpiaXJKWnM0SWhNdjZyaFp4bFY3Z09EdzdFVU5wd2hJWlJ1OVdINTZndU0w?hl=en-IN&gl=IN&ceid=IN%3Aen,26-03-2025
83,Cybersecurity is your No. 1 risk and you’re likely unprepared,https://news.google.com/read/CBMijAFBVV95cUxNcW55cUlMU2x0UEIxNzBOSVliSVJPTF80aHdNQnZoZm1DSVBWeEZhS05ZTHdqNGxyUm1DdDlXVEktVWF6YkJBNmdBcTZOSFBPTk11Vlhrb3NDdE9rcTBxb2NydmJWLU5NWWV3SFluTFJOVFZoVXY5TTFPTGRtWUk0NlRQRmxkTlFQN1lVeQ?hl=en-IN&gl=IN&ceid=IN%3Aen,23-08-2025
84,10 Cybersecurity Best Practices for Organizations in 2025,https://news.google.com/read/CBMiowFBVV95cUxNX1o3V1JxMnBTc2hpcjE3Rk1HeG9GUl8tMnVKUGktYXNDNGpwRDlZVGNDa2F5dnlhZjBYMUNFazZQOVZRZFNmY0YzZ3Fab01Vci1NTUpDbU5SS2daV0lTMUp4MWhhRnJEYkpFQXJaYkxZcG5LdHY4dDRqQnNJUHpQOURXbEhpcGZZTE5KazlnSXp2N0ViZmNGVlAtbTU2SzFZUFRj?hl=en-IN&gl=IN&ceid=IN%3Aen,30-06-2025
85,Patch Tuesday Highlights Microsoft’s Growing Security Edge,https://news.google.com/read/CBMimwFBVV95cUxPS0I0NFpoTVNWTEc1aklSb29VM1cwVXZCZ2l5UlpSWDAxVDkxVUpmUWZKY2hxWGRCZnRWM1FlR3NXYWREV2Zic1ByY09WM3FmajNKRVF6RUNER216MEtDMGpmLU9kb2pHb3pOY2p6UDBqcVVkdXNqZU1lQXJ5a0IzQVZhSFVETDhaMGVmTnA4RUhaY0o3OFZiRkZXNA?hl=en-IN&gl=IN&ceid=IN%3Aen,25-08-2025
86,LRQA Ignites Cybersecurity Conversations at CISO Singapore 2025,https://news.google.com/read/CBMi0AFBVV95cUxOWERPVnZsc2s3N2tCNXA2RzZQSnV5WXZmMk9FT2tvQjB6NVJnX2k1VXM0M2s3RzNOY2J0UG56YmlNaU9nUUh0Y2lqRWFsMWF1MTRfLVVFTXR0dndNdlh5SVppRi1tY25pQ2VoSGlXZ1lTQjF3cjZMNkgxOFRWRi14SEtDdWJ0dzBUR3lINVloWkY0aXRwMlVFYXhUUWQ1QzJVSkNYRjlqVFpuaWRBdmo2N29ONENzNHQ2QXd3SXJpTUxPV3BVRUtONkxkNUg3bVZu?hl=en-IN&gl=IN&ceid=IN%3Aen,25-08-2025
87,Why Effective Cybersecurity is Important for Businesses,https://news.google.com/read/CBMiqAFBVV95cUxORUVBSUd6VFJUTWVEeURGVEFvVGdQN19VMENkRFZiTXJmX01tbGZ4dXluMV8zaFdURy02Vjk4TUgxM1JjTWkyZ3dPMGdRUzh4OXpBTmlJSXJwN0hMeXlrMms3N1VWZGpoaXZLUmxHTGRvTGhJUF85YXFZQ3VReldMSDQtYUlmekc1cGtIdjNQdVl6di1NUlFlX3U1LXRXZGFQSklMeTlpeGk?hl=en-IN&gl=IN&ceid=IN%3Aen,30-06-2025
88,ShinyHunters Data Breach vs. SaaS: Why Dynamic Security Matters,https://news.google.com/read/CBMilgFBVV95cUxNOG5FMnJWaVloOW51NjlORGNJOTZ4UWxRTGZJdnN0cVJFaTVvOGFMWV9IdmVraGxzb2M2OUZCS0tVXzdiZTNVdVlYbTdYYmxfeEVBY2FVZzBBdUJXcDFLXzhZZHk0TGxjTGpyeThLSnFjRV9EQmxpSDhzZDFmeWhGY1NPVjZRUUpwZnpVVGMzX3hFcEpWQlE?hl=en-IN&gl=IN&ceid=IN%3Aen,25-08-2025
89,Cybersecurity: main and emerging threats,https://news.google.com/read/CBMiqAFBVV95cUxNZUpVNEtzZG92akJONXJfS2pQcjhPQ2t4RlliN0o4RFZXOV9TTF9FUHlISzE2YkQ0TUlRNmRuZmRrcmVKU2VGa0FYRl9CZlZfU0ZzLVdpY21UX2hJSVZhQjhFbjNMaGZsSmN3NE9MNGI0VWNkZkI4d3I0VG8tLUVPNDFCUU5tbzVQOElvSGM2d3phX2tSekRXNkd5UFBSY0VGNkw0TkhZSzA?hl=en-IN&gl=IN&ceid=IN%3Aen,26-06-2025
90,Cybersecurity Report 2025 – AI Threats Reshaping Cyber Resilience,https://news.google.com/read/CBMihgFBVV95cUxONk1OZEdRd29oenBvRkgtWi03d3JTNXhiQjRLdGMwbkVEaHZ0RDRQNmYxLTZqVzR5SXFfVkdEc3hZYTFrelJxWjF4UUZnUkl1ZDI0dnIyYWdIeWNkTHp5eVE3OHQyM2licExvelBsOW5ZSVFUbFRoQ2JLZWdESzRFYmZDazZqUQ?hl=en-IN&gl=IN&ceid=IN%3Aen,28-01-2025
91,Post-quantum resilience: building secure foundations,https://news.google.com/read/CBMiqAFBVV95cUxONUhHNVFHa2s0MHNqak5VNXZ1Vk5RcmJtbzNuMzNGYnlwNUUtS3AzZHBEMGtONFYwcjF6ZzE2cHh2U3NRbFhkamw3akdtbGNLU2o4RlVfaGsyejBSWGM3UlRacUs2d3JkQllFMDdTQTQyUFpxV0JueVhHcDVsRWZ3SC1iOUV2TTIxdzZPNlFDdURpaDQzdVphU0hKdl9fYTJhU3VDWnJ4U3E?hl=en-IN&gl=IN&ceid=IN%3Aen,20-08-2025
92,How to Avoid Common AI Scams,https://news.google.com/read/CBMicEFVX3lxTFBYMFJXMDkzSjZxVlZjVWFsMUx1U2tnd3psWUVLQTZjUlVmYjNQbjFNcExWbV9abWNwdk1uekFwcnlabUJxWHc1b2x3MHQzaXJpTE0yemVuOFlWeTk4d3JJWDBobGJYUU9KeU1mXzNQaEE?hl=en-IN&gl=IN&ceid=IN%3Aen,12-03-2025
93,Inotiv cyberattack disrupts operations after systems encrypted in ransomware-style breach,https://news.google.com/read/CBMiwgFBVV95cUxONEJZTmNyck82eTRkODBFN0NZb0ZEXzFwbUc0UEhXY2JUUnloVWctVkZ3VW00eUZUY2JSTHlHbnAzeEdZT3BERzBCcUVNcEgxN190c0Q5OVRPLVpuMUdKWE9GaGZwTjFZdUtRaDVESUR4SHlNRXJPbHF3TDZDS0lPNXEybFpNY21qX1RHclVFd1Z2V3FaZGt2MHZMaTFJSDk2SDVYelcwR0hOTThvUmtwOXJjem1USFlNUjF3UFVZM21LZw?hl=en-IN&gl=IN&ceid=IN%3Aen,20-08-2025
94,Busting myths around cyber security,https://news.google.com/read/CBMicEFVX3lxTFAwTE9LVDZPbmZoTXFOYTIyTUMtZVBLY0hNNzdUSDdxLU9pLURqaFNncXpYTWE1ZklkVXRiVUVPMHM3NDM3RXJ4NmhoMFVkWHhmSmNScUJIVDZEemJObzdDZW8wT2M3LTZTNkwxakxjR2Q?hl=en-IN&gl=IN&ceid=IN%3Aen,25-08-2025
95,What is Cybersecurity and Why is It Important? | SNHU,https://news.google.com/read/CBMidEFVX3lxTFAtN2tCLV9STlZwR2FGVkg3a3FWVFo2TDZyREwtVXhyN3ZnTFBKNWl3Y3lIV3E2dXpORVpCcW5EeTNqVHBCelBHREhYdkJ5VzVVX3MtaWdIc1RqVTYxT09tcXFDQzJwLVZaekRIaUFral9ZTGQ0?hl=en-IN&gl=IN&ceid=IN%3Aen,30-10-2024
96,Top 20 Cybersecurity Companies You Need to Know in 2025,https://news.google.com/read/CBMieEFVX3lxTE56bnRYTkVWRklPQVhybGFJei02cXVpcmxJcl82bnd5YU5IVG80VjhOYU1KU1ZtenUxRVYxMVNNWjdaNjhodl9xaF9UbllxUkhfa2xGRjdaSl95MWF0eFlPbWZHRmY1cmFybERseHB6RkxsQ1hLN1E4UQ?hl=en-IN&gl=IN&ceid=IN%3Aen,21-03-2025
97,Global Cybersecurity Spending Predicted To Exceed $1 Trillion From 2017-2021,https://news.google.com/read/CBMib0FVX3lxTE9kQURLUG9UaUpoQTlUVjhteWVfdUpySG1zdUdOaWpQbVB2UW1LQ3JZZUpZSjlWSnlGSTNkVE55NzE5cEppU0J3VF9NYmc3SUVwZFZxay1qRjhxeTgzaWFyYUttMnpiYXVyUjBKN082bw?hl=en-IN&gl=IN&ceid=IN%3Aen,10-06-2025
98,IIT Roorkee rolls out first AI-led programme for cyber defenders. Apply now,https://news.google.com/read/CBMi7gFBVV95cUxNa3pqQndycy1qU2NyTmNSdFlRam0zMXhtTU5JbXM4cFZBMHFRQ2pOMXdQSlJiOGpiSldVSTFTb0Q0TmpNSU8zRDVtWGhKUURqcnkzNzI1bEpSSjRSRUxBdm8yMm90aGtpc3NFV1BYN3Q2UC1EWUUtanNzZUxTa0tOb1dGdzVtMEppMXFuRTFsSUxTaEptVngxSmhfR2lnQ2x2UjJIQjlmdXgzWlczeHE5X2RQNGI3ekFqQ3hDVUdZaUVZOTZPSGpFaEdFTTRfYnJvcDVtWlBXTTBFN3owVksxSm1pUWM4T3RHdFRvRmZn0gHzAUFVX3lxTE15SXF6cVhhN1Nvd3F3TjJTZFdUekdfZ1ppME9ZcjdVLUtVR1Y5NGdfeUZhOTdwc28wQXVvNEdGVXFiTnNNMHZmcnY4Y1lEWWc4Z3FvZ2x3emUtcmJDczdmaVN1OEtzbkF6aVRjaGxnQ0lNZkxuN1pTZkNhSHo0ZEhCZjF4TC1VcGs1SmNsMjFxa0U2VVBmMVBaeEFGX0dIbERLLVpKbmpNZERpU2Y5eXVMdkpXcy1zSGd5VG01SXpqT0tqazh3WUFmb1d2cFdUUlduYzVJUTBnRl82LVRCSWJSTkhVUWZPbnA2Q1FXQ2tnMG5zcw?hl=en-IN&gl=IN&ceid=IN%3Aen,20-08-2025
99,New Gmail Phishing Attack Uses AI Prompt Injection to Evade Detection,https://news.google.com/read/CBMidkFVX3lxTE40UWdEMlU2eS0tVWhyZ3RXRHFkZzFUVDdEekVrVEtEak9KZnZSUm9FUFhzRVRPdnFBR2pRVUt5djY3dG40OXZseUxaOHZxb2xlQjhFaWI2SS1oRENYY1hfQUVNeHZ2RzVwdFJTOTdIV1gwbmpzRlHSAXtBVV95cUxOWDNfdDB0Z3JRVXR1RmdrSHhRakhBWjU1Z0FvNzBlOFhUNS1uUEtjdFJmMEkzQ2kzWC1nN3BMNnJ4NmMtWnNOd2Vwb2plNTJYZy0yWGltbGR2c1ZRY2hsYVV4UXpyUHFoaEhiWW1RMG14cExFNlZKcTVJejA?hl=en-IN&gl=IN&ceid=IN%3Aen,24-08-2025
100,Troubling Tech Career Trends: From ‘Quiet Cracking’ to AI Anxiety,https://news.google.com/read/CBMiugFBVV95cUxNcExpWFRKLTJvS3lXNUcwaXdrdC1qRGMyYzZNU251RERRMTVvb0s0WXlVanRmV3FqR3JaZVdCb2NOWDZBbkVoYVVpeWxCRDIzSnQzUzM2Rk05RVdHanN4MTR5VVFMQ0tyTmRmS3gtRVFBaTdwSW81SlZacllXMXdnZklESFpZWmN6Mk1fVkNJU2xVZm5pNTFZYWdHalE4OVZKakJ6NERUZFBraEdIa1pxVzhRall2eVZaWUE?hl=en-IN&gl=IN&ceid=IN%3Aen,24-08-2025
